aide,ident,annee,init,calib,valeur
garantie,AG,2017,0.0,0.0,0.0
garantie,AG,2018,0.0,0.0,0.0
garantie,AG,2019,0.0,0.0,0.0
garantie,AG,2020,0.0,0.0,0.0
garantie,AG,2021,0.0,0.0,0.0
garantie,AG,2022,0.0,0.0,0.0
garantie,AN,2017,0.0,0.0,0.0
garantie,AN,2018,0.0,0.0,0.0
garantie,AN,2019,0.0,0.0,0.0
garantie,AN,2020,0.0,0.0,0.0
garantie,AN,2021,0.0,0.0,0.0
garantie,AN,2022,0.0,0.0,0.0
garantie,AN_NU,2017,0.0,0.0,0.0
garantie,AN_NU,2018,0.0,0.0,0.0
garantie,AN_NU,2019,0.0,0.0,0.0
garantie,AN_NU,2020,0.0,0.0,0.0
garantie,AN_NU,2021,0.0,0.0,0.0
garantie,AN_NU,2022,0.0,0.0,0.0
garantie,AN_PA,2017,0.0,0.0,0.0
garantie,AN_PA,2018,0.0,0.0,0.0
garantie,AN_PA,2019,0.0,0.0,0.0
garantie,AN_PA,2020,0.0,0.0,0.0
garantie,AN_PA,2021,0.0,0.0,0.0
garantie,AN_PA,2022,0.0,0.0,0.0
garantie,BA,2017,0.0,0.0,0.0
garantie,BA,2018,0.0,0.0,0.0
garantie,BA,2019,0.0,0.0,0.0
garantie,BA,2020,0.0,0.0,0.0
garantie,BA,2021,0.0,0.0,0.0
garantie,BA,2022,0.0,0.0,0.0
garantie,BA_INT,2017,0.0,0.0,0.0
garantie,BA_INT,2018,0.0,0.0,0.0
garantie,BA_INT,2019,0.0,0.0,0.0
garantie,BA_INT,2020,0.0,0.0,0.0
garantie,BA_INT,2021,0.0,0.0,0.0
garantie,BA_INT,2022,0.0,0.0,0.0
garantie,BA_IRR,2017,0.0,0.0,0.0
garantie,BA_IRR,2018,0.0,0.0,0.0
garantie,BA_IRR,2019,0.0,0.0,0.0
garantie,BA_IRR,2020,0.0,0.0,0.0
garantie,BA_IRR,2021,0.0,0.0,0.0
garantie,BA_IRR,2022,0.0,0.0,0.0
garantie,BA_PER,2017,0.0,0.0,0.0
garantie,BA_PER,2018,0.0,0.0,0.0
garantie,BA_PER,2019,0.0,0.0,0.0
garantie,BA_PER,2020,0.0,0.0,0.0
garantie,BA_PER,2021,0.0,0.0,0.0
garantie,BA_PER,2022,0.0,0.0,0.0
garantie,BA_SINT,2017,0.0,0.0,0.0
garantie,BA_SINT,2018,0.0,0.0,0.0
garantie,BA_SINT,2019,0.0,0.0,0.0
garantie,BA_SINT,2020,0.0,0.0,0.0
garantie,BA_SINT,2021,0.0,0.0,0.0
garantie,BA_SINT,2022,0.0,0.0,0.0
garantie,BC,2017,0.0,0.0,0.0
garantie,BC,2018,0.0,0.0,0.0
garantie,BC,2019,0.0,0.0,0.0
garantie,BC,2020,0.0,0.0,0.0
garantie,BC,2021,0.0,0.0,0.0
garantie,BC,2022,0.0,0.0,0.0
garantie,BC_BT,2017,0.0,0.0,0.0
garantie,BC_BT,2018,0.0,0.0,0.0
garantie,BC_BT,2019,0.0,0.0,0.0
garantie,BC_BT,2020,0.0,0.0,0.0
garantie,BC_BT,2021,0.0,0.0,0.0
garantie,BC_BT,2022,0.0,0.0,0.0
garantie,BC_GTMG,2017,0.0,0.0,0.0
garantie,BC_GTMG,2018,0.0,0.0,0.0
garantie,BC_GTMG,2019,0.0,0.0,0.0
garantie,BC_GTMG,2020,0.0,0.0,0.0
garantie,BC_GTMG,2021,0.0,0.0,0.0
garantie,BC_GTMG,2022,0.0,0.0,0.0
garantie,CF_NBT_NISM,2017,0.0,0.0,0.0
garantie,CF_NBT_NISM,2018,0.0,0.0,0.0
garantie,CF_NBT_NISM,2019,0.0,0.0,0.0
garantie,CF_NBT_NISM,2020,0.0,0.0,0.0
garantie,CF_NBT_NISM,2021,0.0,0.0,0.0
garantie,CF_NBT_NISM,2022,0.0,0.0,0.0
garantie,CF_NBT_NIM,2017,0.0,0.0,0.0
garantie,CF_NBT_NIM,2018,0.0,0.0,0.0
garantie,CF_NBT_NIM,2019,0.0,0.0,0.0
garantie,CF_NBT_NIM,2020,0.0,0.0,0.0
garantie,CF_NBT_NIM,2021,0.0,0.0,0.0
garantie,CF_NBT_NIM,2022,0.0,0.0,0.0
garantie,CF_SBT_NISM,2017,0.0,0.0,0.0
garantie,CF_SBT_NISM,2018,0.0,0.0,0.0
garantie,CF_SBT_NISM,2019,0.0,0.0,0.0
garantie,CF_SBT_NISM,2020,0.0,0.0,0.0
garantie,CF_SBT_NISM,2021,0.0,0.0,0.0
garantie,CF_SBT_NISM,2022,0.0,0.0,0.0
garantie,CF_SBT_NIM,2017,0.0,0.0,0.0
garantie,CF_SBT_NIM,2018,0.0,0.0,0.0
garantie,CF_SBT_NIM,2019,0.0,0.0,0.0
garantie,CF_SBT_NIM,2020,0.0,0.0,0.0
garantie,CF_SBT_NIM,2021,0.0,0.0,0.0
garantie,CF_SBT_NIM,2022,0.0,0.0,0.0
garantie,CF_NGT_NISM,2017,0.0,0.0,0.0
garantie,CF_NGT_NISM,2018,0.0,0.0,0.0
garantie,CF_NGT_NISM,2019,0.0,0.0,0.0
garantie,CF_NGT_NISM,2020,0.0,0.0,0.0
garantie,CF_NGT_NISM,2021,0.0,0.0,0.0
garantie,CF_NGT_NISM,2022,0.0,0.0,0.0
garantie,CF_NGT_NIM,2017,0.0,0.0,0.0
garantie,CF_NGT_NIM,2018,0.0,0.0,0.0
garantie,CF_NGT_NIM,2019,0.0,0.0,0.0
garantie,CF_NGT_NIM,2020,0.0,0.0,0.0
garantie,CF_NGT_NIM,2021,0.0,0.0,0.0
garantie,CF_NGT_NIM,2022,0.0,0.0,0.0
garantie,CF_CGT_NISM,2017,0.0,0.0,0.0
garantie,CF_CGT_NISM,2018,0.0,0.0,0.0
garantie,CF_CGT_NISM,2019,0.0,0.0,0.0
garantie,CF_CGT_NISM,2020,0.0,0.0,0.0
garantie,CF_CGT_NISM,2021,0.0,0.0,0.0
garantie,CF_CGT_NISM,2022,0.0,0.0,0.0
garantie,CF_CGT_NIM,2017,0.0,0.0,0.0
garantie,CF_CGT_NIM,2018,0.0,0.0,0.0
garantie,CF_CGT_NIM,2019,0.0,0.0,0.0
garantie,CF_CGT_NIM,2020,0.0,0.0,0.0
garantie,CF_CGT_NIM,2021,0.0,0.0,0.0
garantie,CF_CGT_NIM,2022,0.0,0.0,0.0
garantie,CF_EGT_NISM,2017,0.0,0.0,0.0
garantie,CF_EGT_NISM,2018,0.0,0.0,0.0
garantie,CF_EGT_NISM,2019,0.0,0.0,0.0
garantie,CF_EGT_NISM,2020,0.0,0.0,0.0
garantie,CF_EGT_NISM,2021,0.0,0.0,0.0
garantie,CF_EGT_NISM,2022,0.0,0.0,0.0
garantie,CF_EGT_NIM,2017,0.0,0.0,0.0
garantie,CF_EGT_NIM,2018,0.0,0.0,0.0
garantie,CF_EGT_NIM,2019,0.0,0.0,0.0
garantie,CF_EGT_NIM,2020,0.0,0.0,0.0
garantie,CF_EGT_NIM,2021,0.0,0.0,0.0
garantie,CF_EGT_NIM,2022,0.0,0.0,0.0
garantie,CS,2017,0.0,0.0,0.0
garantie,CS,2018,0.0,0.0,0.0
garantie,CS,2019,0.0,0.0,0.0
garantie,CS,2020,0.0,0.0,0.0
garantie,CS,2021,0.0,0.0,0.0
garantie,CS,2022,0.0,0.0,0.0
garantie,CS_BT_NISM,2017,23.81,23.81,23.81
garantie,CS_BT_NISM,2018,23.81,23.81,23.81
garantie,CS_BT_NISM,2019,23.81,23.81,23.81
garantie,CS_BT_NISM,2020,23.81,23.81,23.81
garantie,CS_BT_NISM,2021,23.81,23.81,23.81
garantie,CS_BT_NISM,2022,23.81,23.81,23.81
garantie,CS_BT_NIM,2017,23.81,23.81,23.81
garantie,CS_BT_NIM,2018,23.81,23.81,23.81
garantie,CS_BT_NIM,2019,23.81,23.81,23.81
garantie,CS_BT_NIM,2020,23.81,23.81,23.81
garantie,CS_BT_NIM,2021,23.81,23.81,23.81
garantie,CS_BT_NIM,2022,23.81,23.81,23.81
garantie,CS_BT_IM,2017,23.81,23.81,23.81
garantie,CS_BT_IM,2018,23.81,23.81,23.81
garantie,CS_BT_IM,2019,23.81,23.81,23.81
garantie,CS_BT_IM,2020,23.81,23.81,23.81
garantie,CS_BT_IM,2021,23.81,23.81,23.81
garantie,CS_BT_IM,2022,23.81,23.81,23.81
garantie,CS_SBT_NISM,2017,23.81,23.81,23.81
garantie,CS_SBT_NISM,2018,23.81,23.81,23.81
garantie,CS_SBT_NISM,2019,23.81,23.81,23.81
garantie,CS_SBT_NISM,2020,23.81,23.81,23.81
garantie,CS_SBT_NISM,2021,23.81,23.81,23.81
garantie,CS_SBT_NISM,2022,23.81,23.81,23.81
garantie,CS_SBT_NIM,2017,23.81,23.81,23.81
garantie,CS_SBT_NIM,2018,23.81,23.81,23.81
garantie,CS_SBT_NIM,2019,23.81,23.81,23.81
garantie,CS_SBT_NIM,2020,23.81,23.81,23.81
garantie,CS_SBT_NIM,2021,23.81,23.81,23.81
garantie,CS_SBT_NIM,2022,23.81,23.81,23.81
garantie,CS_SBT_IM,2017,23.81,23.81,23.81
garantie,CS_SBT_IM,2018,23.81,23.81,23.81
garantie,CS_SBT_IM,2019,23.81,23.81,23.81
garantie,CS_SBT_IM,2020,23.81,23.81,23.81
garantie,CS_SBT_IM,2021,23.81,23.81,23.81
garantie,CS_SBT_IM,2022,23.81,23.81,23.81
garantie,CS_NGT_NISM,2017,23.81,23.81,23.81
garantie,CS_NGT_NISM,2018,23.81,23.81,23.81
garantie,CS_NGT_NISM,2019,23.81,23.81,23.81
garantie,CS_NGT_NISM,2020,23.81,23.81,23.81
garantie,CS_NGT_NISM,2021,23.81,23.81,23.81
garantie,CS_NGT_NISM,2022,23.81,23.81,23.81
garantie,CS_NGT_NIM,2017,23.81,23.81,23.81
garantie,CS_NGT_NIM,2018,23.81,23.81,23.81
garantie,CS_NGT_NIM,2019,23.81,23.81,23.81
garantie,CS_NGT_NIM,2020,23.81,23.81,23.81
garantie,CS_NGT_NIM,2021,23.81,23.81,23.81
garantie,CS_NGT_NIM,2022,23.81,23.81,23.81
garantie,CS_NGT_IM,2017,23.81,23.81,23.81
garantie,CS_NGT_IM,2018,23.81,23.81,23.81
garantie,CS_NGT_IM,2019,23.81,23.81,23.81
garantie,CS_NGT_IM,2020,23.81,23.81,23.81
garantie,CS_NGT_IM,2021,23.81,23.81,23.81
garantie,CS_NGT_IM,2022,23.81,23.81,23.81
garantie,CS_CGT_NISM,2017,23.81,23.81,23.81
garantie,CS_CGT_NISM,2018,23.81,23.81,23.81
garantie,CS_CGT_NISM,2019,23.81,23.81,23.81
garantie,CS_CGT_NISM,2020,23.81,23.81,23.81
garantie,CS_CGT_NISM,2021,23.81,23.81,23.81
garantie,CS_CGT_NISM,2022,23.81,23.81,23.81
garantie,CS_CGT_NIM,2017,23.81,23.81,23.81
garantie,CS_CGT_NIM,2018,23.81,23.81,23.81
garantie,CS_CGT_NIM,2019,23.81,23.81,23.81
garantie,CS_CGT_NIM,2020,23.81,23.81,23.81
garantie,CS_CGT_NIM,2021,23.81,23.81,23.81
garantie,CS_CGT_NIM,2022,23.81,23.81,23.81
garantie,CS_CGT_IM,2017,23.81,23.81,23.81
garantie,CS_CGT_IM,2018,23.81,23.81,23.81
garantie,CS_CGT_IM,2019,23.81,23.81,23.81
garantie,CS_CGT_IM,2020,23.81,23.81,23.81
garantie,CS_CGT_IM,2021,23.81,23.81,23.81
garantie,CS_CGT_IM,2022,23.81,23.81,23.81
garantie,CS_EGT_NISM,2017,23.81,23.81,23.81
garantie,CS_EGT_NISM,2018,23.81,23.81,23.81
garantie,CS_EGT_NISM,2019,23.81,23.81,23.81
garantie,CS_EGT_NISM,2020,23.81,23.81,23.81
garantie,CS_EGT_NISM,2021,23.81,23.81,23.81
garantie,CS_EGT_NISM,2022,23.81,23.81,23.81
garantie,CS_EGT_NIM,2017,23.81,23.81,23.81
garantie,CS_EGT_NIM,2018,23.81,23.81,23.81
garantie,CS_EGT_NIM,2019,23.81,23.81,23.81
garantie,CS_EGT_NIM,2020,23.81,23.81,23.81
garantie,CS_EGT_NIM,2021,23.81,23.81,23.81
garantie,CS_EGT_NIM,2022,23.81,23.81,23.81
garantie,CS_EGT_IM,2017,23.81,23.81,23.81
garantie,CS_EGT_IM,2018,23.81,23.81,23.81
garantie,CS_EGT_IM,2019,23.81,23.81,23.81
garantie,CS_EGT_IM,2020,23.81,23.81,23.81
garantie,CS_EGT_IM,2021,23.81,23.81,23.81
garantie,CS_EGT_IM,2022,23.81,23.81,23.81
garantie,CS_MG_NISM,2017,25.0,25.0,25.0
garantie,CS_MG_NISM,2018,25.0,25.0,25.0
garantie,CS_MG_NISM,2019,25.0,25.0,25.0
garantie,CS_MG_NISM,2020,25.0,25.0,25.0
garantie,CS_MG_NISM,2021,25.0,25.0,25.0
garantie,CS_MG_NISM,2022,25.0,25.0,25.0
garantie,CS_MG_NIM,2017,25.0,25.0,25.0
garantie,CS_MG_NIM,2018,25.0,25.0,25.0
garantie,CS_MG_NIM,2019,25.0,25.0,25.0
garantie,CS_MG_NIM,2020,25.0,25.0,25.0
garantie,CS_MG_NIM,2021,25.0,25.0,25.0
garantie,CS_MG_NIM,2022,25.0,25.0,25.0
garantie,CS_MG_IM,2017,25.0,25.0,25.0
garantie,CS_MG_IM,2018,25.0,25.0,25.0
garantie,CS_MG_IM,2019,25.0,25.0,25.0
garantie,CS_MG_IM,2020,25.0,25.0,25.0
garantie,CS_MG_IM,2021,25.0,25.0,25.0
garantie,CS_MG_IM,2022,25.0,25.0,25.0
garantie,IG,2017,0.0,0.0,0.0
garantie,IG,2018,0.0,0.0,0.0
garantie,IG,2019,0.0,0.0,0.0
garantie,IG,2020,0.0,0.0,0.0
garantie,IG,2021,0.0,0.0,0.0
garantie,IG,2022,0.0,0.0,0.0
garantie,IG_PLA,2017,0.0,0.0,0.0
garantie,IG_PLA,2018,0.0,0.0,0.0
garantie,IG_PLA,2019,0.0,0.0,0.0
garantie,IG_PLA,2020,0.0,0.0,0.0
garantie,IG_PLA,2021,0.0,0.0,0.0
garantie,IG_PLA,2022,0.0,0.0,0.0
garantie,IG_TUT,2017,0.0,0.0,0.0
garantie,IG_TUT,2018,0.0,0.0,0.0
garantie,IG_TUT,2019,0.0,0.0,0.0
garantie,IG_TUT,2020,0.0,0.0,0.0
garantie,IG_TUT,2021,0.0,0.0,0.0
garantie,IG_TUT,2022,0.0,0.0,0.0
garantie,JA,2017,0.0,0.0,0.0
garantie,JA,2018,0.0,0.0,0.0
garantie,JA,2019,0.0,0.0,0.0
garantie,JA,2020,0.0,0.0,0.0
garantie,JA,2021,0.0,0.0,0.0
garantie,JA,2022,0.0,0.0,0.0
garantie,MA,2017,0.0,0.0,0.0
garantie,MA,2018,0.0,0.0,0.0
garantie,MA,2019,0.0,0.0,0.0
garantie,MA,2020,0.0,0.0,0.0
garantie,MA,2021,0.0,0.0,0.0
garantie,MA,2022,0.0,0.0,0.0
garantie,MA_TO_CHOU_JA,2017,0.0,0.0,0.0
garantie,MA_TO_CHOU_JA,2018,0.0,0.0,0.0
garantie,MA_TO_CHOU_JA,2019,0.0,0.0,0.0
garantie,MA_TO_CHOU_JA,2020,0.0,0.0,0.0
garantie,MA_TO_CHOU_JA,2021,0.0,0.0,0.0
garantie,MA_TO_CHOU_JA,2022,0.0,0.0,0.0
garantie,MA_PLBIO,2017,0.0,0.0,0.0
garantie,MA_PLBIO,2018,0.0,0.0,0.0
garantie,MA_PLBIO,2019,0.0,0.0,0.0
garantie,MA_PLBIO,2020,0.0,0.0,0.0
garantie,MA_PLBIO,2021,0.0,0.0,0.0
garantie,MA_PLBIO,2022,0.0,0.0,0.0
garantie,MA_MOBIO,2017,0.0,0.0,0.0
garantie,MA_MOBIO,2018,0.0,0.0,0.0
garantie,MA_MOBIO,2019,0.0,0.0,0.0
garantie,MA_MOBIO,2020,0.0,0.0,0.0
garantie,MA_MOBIO,2021,0.0,0.0,0.0
garantie,MA_MOBIO,2022,0.0,0.0,0.0
garantie,MA_ROTA,2017,0.0,0.0,0.0
garantie,MA_ROTA,2018,0.0,0.0,0.0
garantie,MA_ROTA,2019,0.0,0.0,0.0
garantie,MA_ROTA,2020,0.0,0.0,0.0
garantie,MA_ROTA,2021,0.0,0.0,0.0
garantie,MA_ROTA,2022,0.0,0.0,0.0
garantie,ME,2017,0.0,0.0,0.0
garantie,ME,2018,0.0,0.0,0.0
garantie,ME,2019,0.0,0.0,0.0
garantie,ME,2020,0.0,0.0,0.0
garantie,ME,2021,0.0,0.0,0.0
garantie,ME,2022,0.0,0.0,0.0
garantie,NC,2017,0.0,0.0,0.0
garantie,NC,2018,0.0,0.0,0.0
garantie,NC,2019,0.0,0.0,0.0
garantie,NC,2020,0.0,0.0,0.0
garantie,NC,2021,0.0,0.0,0.0
garantie,NC,2022,0.0,0.0,0.0
garantie,PN,2017,0.0,0.0,0.0
garantie,PN,2018,0.0,0.0,0.0
garantie,PN,2019,0.0,0.0,0.0
garantie,PN,2020,0.0,0.0,0.0
garantie,PN,2021,0.0,0.0,0.0
garantie,PN,2022,0.0,0.0,0.0
garantie,PN_PIQ,2017,0.0,0.0,0.0
garantie,PN_PIQ,2018,0.0,0.0,0.0
garantie,PN_PIQ,2019,0.0,0.0,0.0
garantie,PN_PIQ,2020,0.0,0.0,0.0
garantie,PN_PIQ,2021,0.0,0.0,0.0
garantie,PN_PIQ,2022,0.0,0.0,0.0
garantie,PN_TOUR,2017,0.0,0.0,0.0
garantie,PN_TOUR,2018,0.0,0.0,0.0
garantie,PN_TOUR,2019,0.0,0.0,0.0
garantie,PN_TOUR,2020,0.0,0.0,0.0
garantie,PN_TOUR,2021,0.0,0.0,0.0
garantie,PN_TOUR,2022,0.0,0.0,0.0
garantie,TH,2017,0.0,0.0,0.0
garantie,TH,2018,0.0,0.0,0.0
garantie,TH,2019,0.0,0.0,0.0
garantie,TH,2020,0.0,0.0,0.0
garantie,TH,2021,0.0,0.0,0.0
garantie,TH,2022,0.0,0.0,0.0
garantie,VE,2017,0.0,0.0,0.0
garantie,VE,2018,0.0,0.0,0.0
garantie,VE,2019,0.0,0.0,0.0
garantie,VE,2020,0.0,0.0,0.0
garantie,VE,2021,0.0,0.0,0.0
garantie,VE,2022,0.0,0.0,0.0
garantie,VE_BTGT,2017,0.0,0.0,0.0
garantie,VE_BTGT,2018,0.0,0.0,0.0
garantie,VE_BTGT,2019,0.0,0.0,0.0
garantie,VE_BTGT,2020,0.0,0.0,0.0
garantie,VE_BTGT,2021,0.0,0.0,0.0
garantie,VE_BTGT,2022,0.0,0.0,0.0
garantie,VE_PLUIE,2017,0.0,0.0,0.0
garantie,VE_PLUIE,2018,0.0,0.0,0.0
garantie,VE_PLUIE,2019,0.0,0.0,0.0
garantie,VE_PLUIE,2020,0.0,0.0,0.0
garantie,VE_PLUIE,2021,0.0,0.0,0.0
garantie,VE_PLUIE,2022,0.0,0.0,0.0
garantie,MA_TO_CO_JA,2017,0.0,0.0,0.0
garantie,MA_TO_CO_JA,2018,0.0,0.0,0.0
garantie,MA_TO_CO_JA,2019,0.0,0.0,0.0
garantie,MA_TO_CO_JA,2020,0.0,0.0,0.0
garantie,MA_TO_CO_JA,2021,0.0,0.0,0.0
garantie,MA_TO_CO_JA,2022,0.0,0.0,0.0
garantie,MA_BAG_BIO_I,2017,0.0,0.0,0.0
garantie,MA_BAG_BIO_I,2018,0.0,0.0,0.0
garantie,MA_BAG_BIO_I,2019,0.0,0.0,0.0
garantie,MA_BAG_BIO_I,2020,0.0,0.0,0.0
garantie,MA_BAG_BIO_I,2021,0.0,0.0,0.0
garantie,MA_BAG_BIO_I,2022,0.0,0.0,0.0
garantie,MA_BAG_BIO_NI,2017,0.0,0.0,0.0
garantie,MA_BAG_BIO_NI,2018,0.0,0.0,0.0
garantie,MA_BAG_BIO_NI,2019,0.0,0.0,0.0
garantie,MA_BAG_BIO_NI,2020,0.0,0.0,0.0
garantie,MA_BAG_BIO_NI,2021,0.0,0.0,0.0
garantie,MA_BAG_BIO_NI,2022,0.0,0.0,0.0
garantie,MA_BAG_VEG_I,2017,0.0,0.0,0.0
garantie,MA_BAG_VEG_I,2018,0.0,0.0,0.0
garantie,MA_BAG_VEG_I,2019,0.0,0.0,0.0
garantie,MA_BAG_VEG_I,2020,0.0,0.0,0.0
garantie,MA_BAG_VEG_I,2021,0.0,0.0,0.0
garantie,MA_BAG_VEG_I,2022,0.0,0.0,0.0
garantie,MA_BAG_VEG_NI,2017,0.0,0.0,0.0
garantie,MA_BAG_VEG_NI,2018,0.0,0.0,0.0
garantie,MA_BAG_VEG_NI,2019,0.0,0.0,0.0
garantie,MA_BAG_VEG_NI,2020,0.0,0.0,0.0
garantie,MA_BAG_VEG_NI,2021,0.0,0.0,0.0
garantie,MA_BAG_VEG_NI,2022,0.0,0.0,0.0
garantie,MA_BAG_FER_I,2017,0.0,0.0,0.0
garantie,MA_BAG_FER_I,2018,0.0,0.0,0.0
garantie,MA_BAG_FER_I,2019,0.0,0.0,0.0
garantie,MA_BAG_FER_I,2020,0.0,0.0,0.0
garantie,MA_BAG_FER_I,2021,0.0,0.0,0.0
garantie,MA_BAG_FER_I,2022,0.0,0.0,0.0
garantie,MA_BAG_FER_NI,2017,0.0,0.0,0.0
garantie,MA_BAG_FER_NI,2018,0.0,0.0,0.0
garantie,MA_BAG_FER_NI,2019,0.0,0.0,0.0
garantie,MA_BAG_FER_NI,2020,0.0,0.0,0.0
garantie,MA_BAG_FER_NI,2021,0.0,0.0,0.0
garantie,MA_BAG_FER_NI,2022,0.0,0.0,0.0
garantie,MA_BAG_NON_I,2017,0.0,0.0,0.0
garantie,MA_BAG_NON_I,2018,0.0,0.0,0.0
garantie,MA_BAG_NON_I,2019,0.0,0.0,0.0
garantie,MA_BAG_NON_I,2020,0.0,0.0,0.0
garantie,MA_BAG_NON_I,2021,0.0,0.0,0.0
garantie,MA_BAG_NON_I,2022,0.0,0.0,0.0
garantie,MA_BAG_NON_NI,2017,0.0,0.0,0.0
garantie,MA_BAG_NON_NI,2018,0.0,0.0,0.0
garantie,MA_BAG_NON_NI,2019,0.0,0.0,0.0
garantie,MA_BAG_NON_NI,2020,0.0,0.0,0.0
garantie,MA_BAG_NON_NI,2021,0.0,0.0,0.0
garantie,MA_BAG_NON_NI,2022,0.0,0.0,0.0
garantie,MA_BRF_BIO_I,2017,0.0,0.0,0.0
garantie,MA_BRF_BIO_I,2018,0.0,0.0,0.0
garantie,MA_BRF_BIO_I,2019,0.0,0.0,0.0
garantie,MA_BRF_BIO_I,2020,0.0,0.0,0.0
garantie,MA_BRF_BIO_I,2021,0.0,0.0,0.0
garantie,MA_BRF_BIO_I,2022,0.0,0.0,0.0
garantie,MA_BRF_BIO_NI,2017,0.0,0.0,0.0
garantie,MA_BRF_BIO_NI,2018,0.0,0.0,0.0
garantie,MA_BRF_BIO_NI,2019,0.0,0.0,0.0
garantie,MA_BRF_BIO_NI,2020,0.0,0.0,0.0
garantie,MA_BRF_BIO_NI,2021,0.0,0.0,0.0
garantie,MA_BRF_BIO_NI,2022,0.0,0.0,0.0
garantie,MA_BRF_VEG_I,2017,0.0,0.0,0.0
garantie,MA_BRF_VEG_I,2018,0.0,0.0,0.0
garantie,MA_BRF_VEG_I,2019,0.0,0.0,0.0
garantie,MA_BRF_VEG_I,2020,0.0,0.0,0.0
garantie,MA_BRF_VEG_I,2021,0.0,0.0,0.0
garantie,MA_BRF_VEG_I,2022,0.0,0.0,0.0
garantie,MA_BRF_VEG_NI,2017,0.0,0.0,0.0
garantie,MA_BRF_VEG_NI,2018,0.0,0.0,0.0
garantie,MA_BRF_VEG_NI,2019,0.0,0.0,0.0
garantie,MA_BRF_VEG_NI,2020,0.0,0.0,0.0
garantie,MA_BRF_VEG_NI,2021,0.0,0.0,0.0
garantie,MA_BRF_VEG_NI,2022,0.0,0.0,0.0
garantie,MA_BRF_FER_I,2017,0.0,0.0,0.0
garantie,MA_BRF_FER_I,2018,0.0,0.0,0.0
garantie,MA_BRF_FER_I,2019,0.0,0.0,0.0
garantie,MA_BRF_FER_I,2020,0.0,0.0,0.0
garantie,MA_BRF_FER_I,2021,0.0,0.0,0.0
garantie,MA_BRF_FER_I,2022,0.0,0.0,0.0
garantie,MA_BRF_FER_NI,2017,0.0,0.0,0.0
garantie,MA_BRF_FER_NI,2018,0.0,0.0,0.0
garantie,MA_BRF_FER_NI,2019,0.0,0.0,0.0
garantie,MA_BRF_FER_NI,2020,0.0,0.0,0.0
garantie,MA_BRF_FER_NI,2021,0.0,0.0,0.0
garantie,MA_BRF_FER_NI,2022,0.0,0.0,0.0
garantie,MA_BRF_NON_I,2017,0.0,0.0,0.0
garantie,MA_BRF_NON_I,2018,0.0,0.0,0.0
garantie,MA_BRF_NON_I,2019,0.0,0.0,0.0
garantie,MA_BRF_NON_I,2020,0.0,0.0,0.0
garantie,MA_BRF_NON_I,2021,0.0,0.0,0.0
garantie,MA_BRF_NON_I,2022,0.0,0.0,0.0
garantie,MA_BRF_NON_NI,2017,0.0,0.0,0.0
garantie,MA_BRF_NON_NI,2018,0.0,0.0,0.0
garantie,MA_BRF_NON_NI,2019,0.0,0.0,0.0
garantie,MA_BRF_NON_NI,2020,0.0,0.0,0.0
garantie,MA_BRF_NON_NI,2021,0.0,0.0,0.0
garantie,MA_BRF_NON_NI,2022,0.0,0.0,0.0
garantie,MA_PAI_BIO_I,2017,0.0,0.0,0.0
garantie,MA_PAI_BIO_I,2018,0.0,0.0,0.0
garantie,MA_PAI_BIO_I,2019,0.0,0.0,0.0
garantie,MA_PAI_BIO_I,2020,0.0,0.0,0.0
garantie,MA_PAI_BIO_I,2021,0.0,0.0,0.0
garantie,MA_PAI_BIO_I,2022,0.0,0.0,0.0
garantie,MA_PAI_BIO_NI,2017,0.0,0.0,0.0
garantie,MA_PAI_BIO_NI,2018,0.0,0.0,0.0
garantie,MA_PAI_BIO_NI,2019,0.0,0.0,0.0
garantie,MA_PAI_BIO_NI,2020,0.0,0.0,0.0
garantie,MA_PAI_BIO_NI,2021,0.0,0.0,0.0
garantie,MA_PAI_BIO_NI,2022,0.0,0.0,0.0
garantie,MA_PAI_VEG_I,2017,0.0,0.0,0.0
garantie,MA_PAI_VEG_I,2018,0.0,0.0,0.0
garantie,MA_PAI_VEG_I,2019,0.0,0.0,0.0
garantie,MA_PAI_VEG_I,2020,0.0,0.0,0.0
garantie,MA_PAI_VEG_I,2021,0.0,0.0,0.0
garantie,MA_PAI_VEG_I,2022,0.0,0.0,0.0
garantie,MA_PAI_VEG_NI,2017,0.0,0.0,0.0
garantie,MA_PAI_VEG_NI,2018,0.0,0.0,0.0
garantie,MA_PAI_VEG_NI,2019,0.0,0.0,0.0
garantie,MA_PAI_VEG_NI,2020,0.0,0.0,0.0
garantie,MA_PAI_VEG_NI,2021,0.0,0.0,0.0
garantie,MA_PAI_VEG_NI,2022,0.0,0.0,0.0
garantie,MA_PAI_FER_I,2017,0.0,0.0,0.0
garantie,MA_PAI_FER_I,2018,0.0,0.0,0.0
garantie,MA_PAI_FER_I,2019,0.0,0.0,0.0
garantie,MA_PAI_FER_I,2020,0.0,0.0,0.0
garantie,MA_PAI_FER_I,2021,0.0,0.0,0.0
garantie,MA_PAI_FER_I,2022,0.0,0.0,0.0
garantie,MA_PAI_FER_NI,2017,0.0,0.0,0.0
garantie,MA_PAI_FER_NI,2018,0.0,0.0,0.0
garantie,MA_PAI_FER_NI,2019,0.0,0.0,0.0
garantie,MA_PAI_FER_NI,2020,0.0,0.0,0.0
garantie,MA_PAI_FER_NI,2021,0.0,0.0,0.0
garantie,MA_PAI_FER_NI,2022,0.0,0.0,0.0
garantie,MA_PAI_NON_I,2017,0.0,0.0,0.0
garantie,MA_PAI_NON_I,2018,0.0,0.0,0.0
garantie,MA_PAI_NON_I,2019,0.0,0.0,0.0
garantie,MA_PAI_NON_I,2020,0.0,0.0,0.0
garantie,MA_PAI_NON_I,2021,0.0,0.0,0.0
garantie,MA_PAI_NON_I,2022,0.0,0.0,0.0
garantie,MA_PAI_NON_NI,2017,0.0,0.0,0.0
garantie,MA_PAI_NON_NI,2018,0.0,0.0,0.0
garantie,MA_PAI_NON_NI,2019,0.0,0.0,0.0
garantie,MA_PAI_NON_NI,2020,0.0,0.0,0.0
garantie,MA_PAI_NON_NI,2021,0.0,0.0,0.0
garantie,MA_PAI_NON_NI,2022,0.0,0.0,0.0
